Common Name,Genus,Species,Subspecies,Major Common Type
Blanchard's Cricket Frog,Acris,blanchardi,,frog
Eastern Cricket Frog,Acris,crepitans,,frog
Southern Cricket Frog,Acris,gryllus,,frog
Javanese File Snake,Acrochordus,javanicus,,snake
Northwestern Pond Turtle,Actinemys,marmorata,,turtle
Southwestern Pond Turtle,Actinemys,pallida,,turtle
Peters's Rock Agama,Agama,picticauda,,lizard
Florida Cottonmouth,Agkistrodon,conanti,,snake
Eastern Copperhead,Agkistrodon,contortrix,,snake
Broad-Banded Copperhead,Agkistrodon,laticinctus,,snake
Northern Cottonmouth,Agkistrodon,piscivorus,,snake
American Alligator,Alligator,mississippiensis,,crocodilian
Ringed Salamander,Ambystoma,annulatum,,salamander
Streamside Salamander,Ambystoma,barbouri,,salamander
Reticulated Flatwoods Salamander,Ambystoma,bishopi,,salamander
California Tiger Salamander,Ambystoma,californiense,,salamander
Frosted Flatwoods Salamander,Ambystoma,cingulatum,,salamander
Northwestern Salamander,Ambystoma,gracile,,salamander
Jefferson Salamander,Ambystoma,jeffersonianum,,salamander
Blue-Spotted Salamander,Ambystoma,laterale,,salamander
Mabee's Salamander,Ambystoma,mabeei,,salamander
Long-Toed Salamander,Ambystoma,macrodactylum,,salamander
Eastern Long-Toed Salamander,Ambystoma,macrodactylum,columbianum,salamander
Santa Cruz Long-Toed Salamander,Ambystoma,macrodactylum,croceum,salamander
Northern Long-Toed Salamander,Ambystoma,macrodactylum,krausei,salamander
Western Long-Toed Salamander,Ambystoma,macrodactylum,macrodactylum,salamander
Southern Long-Toed Salamander,Ambystoma,macrodactylum,sigillatum,salamander
Spotted Salamander,Ambystoma,maculatum,,salamander
Western Tiger Salamander,Ambystoma,mavortium,,salamander
Gray Tiger Salamander,Ambystoma,mavortium,diaboli,salamander
Barred Tiger Salamander,Ambystoma,mavortium,mavortium,salamander
Blotched Tiger Salamander,Ambystoma,mavortium,melanostictum,salamander
Arizona Tiger Salamander,Ambystoma,mavortium,nebulosum,salamander
Sonoran Tiger Salamander,Ambystoma,mavortium,stebbinsi,salamander
Marbled Salamander,Ambystoma,opacum,,salamander
Mole Salamander,Ambystoma,talpoideum,,salamander
Small-Mouthed Salamander,Ambystoma,texanum,,salamander
Eastern Tiger Salamander,Ambystoma,tigrinum,,salamander
Giant Ameiva,Ameiva,ameiva,,lizard
Dusky Giant Ameiva,Ameiva,praesignis,,lizard
Two-Toed Amphiuma,Amphiuma,means,,salamander
One-Toed Amphiuma,Amphiuma,pholeter,,salamander
Three-Toed Amphiuma,Amphiuma,tridactylum,,salamander
American Toad,Anaxyrus,americanus,,frog
Eastern American Toad,Anaxyrus,americanus,americanus,frog
Dwarf American Toad,Anaxyrus,americanus,charlesmithi,frog
Wyoming Toad,Anaxyrus,baxteri,,frog
Western Toad,Anaxyrus,boreas,,frog
Arroyo Toad,Anaxyrus,californicus,,frog
Yosemite Toad,Anaxyrus,canorus,,frog
Great Plains Toad,Anaxyrus,cognatus,,frog
Chihuahuan Green Toad,Anaxyrus,debilis,,frog
Eastern Chihuahuan Green Toad,Anaxyrus,debilis,debilis,frog
Western Chihuahuan Green Toad,Anaxyrus,debilis,insidior,frog
Black Toad,Anaxyrus,exsul,,frog
Fowler's Toad,Anaxyrus,fowleri,,frog
Canadian Toad,Anaxyrus,hemiophrys,,frog
Houston Toad,Anaxyrus,houstonensis,,frog
Arizona Toad,Anaxyrus,microscaphus,,frog
Amargosa Toad,Anaxyrus,nelsoni,,frog
Red-Spotted Toad,Anaxyrus,punctatus,,frog
Oak Toad,Anaxyrus,quercicus,,frog
Sonoran Green Toad,Anaxyrus,retiformis,,frog
Texas Toad,Anaxyrus,speciosus,,frog
Southern Toad,Anaxyrus,terrestris,,frog
Woodhouse's Toad,Anaxyrus,woodhousii,,frog
Southwestern Woodhouse's Toad,Anaxyrus,woodhousii,australis,frog
Rocky Mountain Toad,Anaxyrus,woodhousii,woodhousii,frog
Green Salamander,Aneides,aeneus,,salamander
Clouded Salamander,Aneides,ferreus,,salamander
Black Salamander,Aneides,flavipunctatus,,salamander
Speckled Black Salamander,Aneides,flavipunctatus,flavipunctatus,salamander
Santa Cruz Black Salamander,Aneides,flavipunctatus,niger,salamander
Sacramento Mountains Salamander,Aneides,hardii,,salamander
Arboreal Salamander,Aneides,lugubris,,salamander
Wandering Salamander,Aneides,vagrans,,salamander
Temblor Legless Lizard,Anniella,alexanderae,,lizard
Big Spring Legless Lizard,Anniella,campi,,lizard
Bakersfield Legless Lizard,Anniella,grinnelli,,lizard
Northern Legless Lizard,Anniella,pulchra,,lizard
San Diegan Legless Lizard,Anniella,stebbinsi,,lizard
Green Anole,Anolis,carolinensis,,lizard
Hispaniolan Green Anole,Anolis,chlorocyanus,,lizard
Crested Anole,Anolis,cristatellus,,lizard
Puerto Rican Crested Anole,Anolis,cristatellus,cristatellus,lizard
Large-Headed Anole,Anolis,cybotes,,lizard
Common Large-Headed Anole,Anolis,cybotes,cybotes,lizard
Bark Anole,Anolis,distichus,,lizard
Green Bark Anole,Anolis,distichus,dominicensis,lizard
Florida Bark Anole,Anolis,distichus,floridanus,lizard
Knight Anole,Anolis,equestris,,lizard
Western Knight Anole,Anolis,equestris,equestris,lizard
Jamaican Giant Anole,Anolis,garmani,,lizard
Cuban Green Anole,Anolis,porcatus,,lizard
Brown Anole,Anolis,sagrei,,lizard
Cuban Brown Anole,Anolis,sagrei,sagrei,lizard
St. Vincent Bush Anole,Anolis,trinitatis,,lizard
Florida Softshell,Apalone,ferox,,turtle
Smooth Softshell,Apalone,mutica,,turtle
Gulf Coast Smooth Softshell,Apalone,mutica,calvata,turtle
Midland Smooth Softshell,Apalone,mutica,mutica,turtle
Spiny Softshell,Apalone,spinifera,,turtle
Gulf Coast Spiny Softshell,Apalone,spinifera,aspera,turtle
Texas Spiny Softshell,Apalone,spinifera,emoryi,turtle
Guadalupe Spiny Softshell,Apalone,spinifera,guadalupensis,turtle
Pallid Spiny Softshell,Apalone,spinifera,pallida,turtle
Eastern Spiny Softshell,Apalone,spinifera,spinifera,turtle
Glossy Snake,Arizona,elegans,,snake
Texas Glossy Snake,Arizona,elegans,arenicola,snake
Mohave Glossy Snake,Arizona,elegans,candida,snake
Desert Glossy Snake,Arizona,elegans,eburnata,snake
Kansas Glossy Snake,Arizona,elegans,elegans,snake
Arizona Glossy Snake,Arizona,elegans,noctivaga,snake
California Glossy Snake,Arizona,elegans,occidentalis,snake
Painted Desert Glossy Snake,Arizona,elegans,philipi,snake
Rocky Mountain Tailed Frog,Ascaphus,montanus,,frog
Coastal Tailed Frog,Ascaphus,truei,,frog
Chihuahuan Spotted Whiptail,Aspidoscelis,exsanguis,,lizard
Gila Spotted Whiptail,Aspidoscelis,flagellicauda,,lizard
Common Spotted Whiptail,Aspidoscelis,gularis,,lizard
Texas Spotted Whiptail,Aspidoscelis,gularis,gularis,lizard
Orange-Throated Whiptail,Aspidoscelis,hyperythra,,lizard
Belding's Orange Throated Whiptail,Aspidoscelis,hyperythra,beldingi,lizard
Little Striped Whiptail,Aspidoscelis,inornata,,lizard
Arizona Striped Whiptail,Aspidoscelis,inornata,arizonae,lizard
Little White Whiptail,Aspidoscelis,inornata,gypsi,lizard
Northern Striped Whiptail,Aspidoscelis,inornata,heptagramma,lizard
Pai Striped Whiptail,Aspidoscelis,inornata,pai,lizard
Laredo Striped Whiptail,Aspidoscelis,laredoensis,,lizard
Marbled Whiptail,Aspidoscelis,marmorata,,lizard
Western Marbled Whiptail,Aspidoscelis,marmorata,marmorata,lizard
Eastern Marbled Whiptail,Aspidoscelis,marmorata,reticuloriens,lizard
Giant Whiptail,Aspidoscelis,motaguae,,lizard
Neaves' Whiptail,Aspidoscelis,neavesi,,lizard
New Mexico Whiptail,Aspidoscelis,neomexicana,,lizard
Colorado Checkered Whiptail,Aspidoscelis,neotesselata,,lizard
Plateau Spotted Whiptail,Aspidoscelis,scalaris,,lizard
Big Bend Spotted Whiptail,Aspidoscelis,scalaris,septemvittata,lizard
Six-Lined Racerunner,Aspidoscelis,sexlineata,,lizard
Eastern Six-Lined Racerunner,Aspidoscelis,sexlineata,sexlineata,lizard
Texas Yellow-Headed Racerunner,Aspidoscelis,sexlineata,stephensae,lizard
Prairie Racerunner,Aspidoscelis,sexlineata,viridis,lizard
Sonoran Spotted Whiptail,Aspidoscelis,sonorae,,lizard
Giant Spotted Whiptail,Aspidoscelis,stictogramma,,lizard
Common Checkered Whiptail,Aspidoscelis,tesselata,,lizard
Tiger Whiptail,Aspidoscelis,tigris,,lizard
California Whiptail,Aspidoscelis,tigris,munda,lizard
Sonoran Tiger Whiptail,Aspidoscelis,tigris,punctilinealis,lizard
Plateau Tiger Whiptail,Aspidoscelis,tigris,septentrionalis,lizard
San Diegan Tiger Whiptail,Aspidoscelis,tigris,stejnegeri,lizard
Great Basin Whiptail,Aspidoscelis,tigris,tigris,lizard
Desert Grassland Whiptail,Aspidoscelis,uniparens,,lizard
Plateau Striped Whiptail,Aspidoscelis,velox,,lizard
Red-Backed Whiptail,Aspidoscelis,xanthonota,,lizard
Brown Basilisk,Basiliscus,vittatus,,lizard
Greenhorn Mountains Slender Salamander,Batrachoseps,altasierrae,,salamander
California Slender Salamander,Batrachoseps,attenuatus,,salamander
Fairview Slender Salamander,Batrachoseps,bramei,,salamander
Inyo Mountains Salamander,Batrachoseps,campi,,salamander
Hell Hollow Slender Salamander,Batrachoseps,diabolicus,,salamander
San Gabriel Mountains Slender Salamander,Batrachoseps,gabrieli,,salamander
Gabilan Mountains Salamander,Batrachoseps,gavilanensis,,salamander
Gregarious Slender Salamander,Batrachoseps,gregarius,,salamander
San Simeon Slender Salamander,Batrachoseps,incognitus,,salamander
Sequoia Slender Salamander,Batrachoseps,kawia,,salamander
Santa Lucia Mountains Slender Salamander,Batrachoseps,luciae,,salamander
Southern California Slender Salamander,Batrachoseps,major,,salamander
Desert Slender Salamander,Batrachoseps,major,aridus,salamander
Garden Salamander,Batrachoseps,major,major,salamander
Lesser Slender Salamander,Batrachoseps,minor,,salamander
Black-Bellied Slender Salamander,Batrachoseps,nigriventris,,salamander
Channel Islands Slender Salamander,Batrachoseps,pacificus,,salamander
Kings River Slender Salamander,Batrachoseps,regius,,salamander
Relictual Slender Salamander,Batrachoseps,relictus,,salamander
Kern Plateau Salamander,Batrachoseps,robustus,,salamander
Kern Canyon Slender Salamander,Batrachoseps,simatus,,salamander
Tehachapi Slender Salamander,Batrachoseps,stebbinsi,,salamander
Oregon Slender Salamander,Batrachoseps,wrighti,,salamander
Boa Constrictor,Boa,constrictor,,snake
Baja California Ratsnake,Bogertophis,rosaliae,,snake
Trans-Pecos Ratsnake,Bogertophis,subocularis,,snake
Northern Trans-Pecos Ratsnake,Bogertophis,subocularis,subocularis,snake
Spectacled Caiman,Caiman,crocodilus,,crocodilian
Zebra-Tailed Lizard,Callisaurus,draconoides,,lizard
Northern Zebra-Tailed Lizard,Callisaurus,draconoides,myurus,lizard
Western Zebra-Tailed Lizard,Callisaurus,draconoides,rhodostictus,lizard
Eastern Zebra-Tailed Lizard,Callisaurus,draconoides,ventralis,lizard
Variable Bloodsucker,Calotes,versicolor,,lizard
Loggerhead Sea Turtle,Caretta,caretta,,turtle
Common Wormsnake,Carphophis,amoenus,,snake
Eastern Wormsnake,Carphophis,amoenus,amoenus,snake
Midwestern Wormsnake,Carphophis,amoenus,helenae,snake
Western Wormsnake,Carphophis,vermis,,snake
Scarletsnake,Cemophora,coccinea,,snake
Florida Scarletsnake,Cemophora,coccinea,coccinea,snake
Northern Scarletsnake,Cemophora,coccinea,copei,snake
Texas Scarletsnake,Cemophora,lineri,,snake
Ocellated Skink,Chalcides,ocellatus,,lizard
Veiled Chameleon,Chamaeleo,calyptratus,,lizard
Northern Rubber Boa,Charina,bottae,,snake
Southern Rubber Boa,Charina,umbratica,,snake
Green Sea Turtle,Chelonia,mydas,,turtle
Snapping Turtle,Chelydra,serpentina,,turtle
Variable Sandsnake,Chilomeniscus,stramineus,,snake
Resplendent Desert Shovel-Nosed Snake,Chionactis,annulata,,snake
Colorado Desert Shovel-Nosed Snake,Chionactis,annulata,annulata,snake
Tucson Shovel-Nosed Snake,Chionactis,annulata,klauberi,snake
Mohave Shovel-Nosed Snake,Chionactis,occipitalis,,snake
Sonoran Shovel-Nosed Snake,Chionactis,palarostris,,snake
Organ Pipe Shovel-Nosed Snake,Chionactis,palarostris,organica,snake
Southern Painted Turtle,Chrysemys,dorsalis,,turtle
Painted Turtle,Chrysemys,picta,,turtle
Western Painted Turtle,Chrysemys,picta,bellii,turtle
Midland Painted Turtle,Chrysemys,picta,marginata,turtle
Eastern Painted Turtle,Chrysemys,picta,picta,turtle
Spotted Turtle,Clemmys,guttata,,turtle
Kirtland's Snake,Clonophis,kirtlandii,,snake
Rainbow Whiptail,Cnemidophorus,lemniscatus,,lizard
Texas Banded Gecko,Coleonyx,brevis,,lizard
Reticulate Banded Gecko,Coleonyx,reticulatus,,lizard
Switak's Banded Gecko,Coleonyx,switaki,,lizard
Peninsula Banded Gecko,Coleonyx,switaki,switaki,lizard
Western Banded Gecko,Coleonyx,variegatus,,lizard
San Diego Banded Gecko,Coleonyx,variegatus,abbotti,lizard
Desert Banded Gecko,Coleonyx,variegatus,variegatus,lizard
Sonoran Whipsnake,Coluber,bilineatus,,snake
North American Racer,Coluber,constrictor,,snake
Buttermilk Racer,Coluber,constrictor,anthicus,snake
Northern Black Racer,Coluber,constrictor,constrictor,snake
Tan Racer,Coluber,constrictor,etheridgei,snake
Eastern Yellow-Bellied Racer,Coluber,constrictor,flaviventris,snake
Blue Racer,Coluber,constrictor,foxii,snake
Brown-Chinned Racer,Coluber,constrictor,helvigularis,snake
Black-Masked Racer,Coluber,constrictor,latrunculus,snake
Western Yellow-Bellied Racer,Coluber,constrictor,mormon,snake
Mexican Racer,Coluber,constrictor,oaxaca,snake
Everglades Racer,Coluber,constrictor,paludicola,snake
Southern Black Racer,Coluber,constrictor,priapus,snake
Coachwhip,Coluber,flagellum,,snake
Sonoran Coachwhip,Coluber,flagellum,cingulum,snake
Eastern Coachwhip,Coluber,flagellum,flagellum,snake
Lined Coachwhip,Coluber,flagellum,lineatulus,snake
Red Racer,Coluber,flagellum,piceus,snake
San Joaquin Coachwhip,Coluber,flagellum,ruddocki,snake
Western Coachwhip,Coluber,flagellum,testaceus,snake
Baja California Coachwhip,Coluber,fuliginosus,,snake
Striped Racer,Coluber,lateralis,,snake
Alameda Striped Racer,Coluber,lateralis,euryxanthus,snake
California Striped Racer,Coluber,lateralis,lateralis,snake
Schott's Whipsnake,Coluber,schotti,,snake
Ruthven's Whipsnake,Coluber,schotti,ruthveni,snake
Schott's Striped Whipsnake,Coluber,schotti,schotti,snake
Striped Whipsnake,Coluber,taeniatus,,snake
Central Texas Whipsnake,Coluber,taeniatus,girardi,snake
Desert Striped Whipsnake,Coluber,taeniatus,taeniatus,snake
Regal Black-Striped Snake,Coniophanes,imperialis,,snake
Tamaulipan Black-Striped Snake,Coniophanes,imperialis,imperialis,snake
Forest Sharp-Tailed Snake,Contia,longicauda,,snake
Common Sharp-Tailed Snake,Contia,tenuis,,snake
Greater Earless Lizard,Cophosaurus,texanus,,lizard
Chihuahuan Greater Earless Lizard,Cophosaurus,texanus,scitulus,lizard
Texas Greater Earless Lizard,Cophosaurus,texanus,texanus,lizard
Barking Frog,Craugastor,augusti,,frog
Western Barking Frog,Craugastor,augusti,cactorum,frog
Balcones Barking Frog,Craugastor,augusti,latrans,frog
American Crocodile,Crocodylus,acutus,,crocodilian
Eastern Diamond-Backed Rattlesnake,Crotalus,adamanteus,,snake
Western Diamond-Backed Rattlesnake,Crotalus,atrox,,snake
Sidewinder,Crotalus,cerastes,,snake
Mohave Desert Sidewinder,Crotalus,cerastes,cerastes,snake
Sonoran Sidewinder,Crotalus,cerastes,cercobombus,snake
Colorado Desert Sidewinder,Crotalus,cerastes,laterorepens,snake
Arizona Black Rattlesnake,Crotalus,cerberus,,snake
Timber Rattlesnake,Crotalus,horridus,,snake
Rock Rattlesnake,Crotalus,lepidus,,snake
Banded Rock Rattlesnake,Crotalus,lepidus,klauberi,snake
Mottled Rock Rattlesnake,Crotalus,lepidus,lepidus,snake
Western Black-Tailed Rattlesnake,Crotalus,molossus,,snake
Western Rattlesnake,Crotalus,oreganus,,snake
Grand Canyon Rattlesnake,Crotalus,oreganus,abyssus,snake
Midget Faded Rattlesnake,Crotalus,oreganus,concolor,snake
Southern Pacific Rattlesnake,Crotalus,oreganus,helleri,snake
Great Basin Rattlesnake,Crotalus,oreganus,lutosus,snake
Northern Pacific Rattlesnake,Crotalus,oreganus,oreganus,snake
Eastern Black-Tailed Rattlesnake,Crotalus,ornatus,,snake
Twin-Spotted Rattlesnake,Crotalus,pricei,,snake
Western Twin-Spotted Rattlesnake,Crotalus,pricei,pricei,snake
Southwestern Speckled Rattlesnake,Crotalus,pyrrhus,,snake
Red Diamond Rattlesnake,Crotalus,ruber,,snake
Mohave Rattlesnake,Crotalus,scutulatus,,snake
Northern Mohave Rattlesnake,Crotalus,scutulatus,scutulatus,snake
Panamint Rattlesnake,Crotalus,stephensi,,snake
Tiger Rattlesnake,Crotalus,tigris,,snake
Prairie Rattlesnake,Crotalus,viridis,,snake
Ridge-Nosed Rattlesnake,Crotalus,willardi,,snake
New Mexico Ridge-Nosed Rattlesnake,Crotalus,willardi,obscurus,snake
Arizona Ridge-Nosed Rattlesnake,Crotalus,willardi,willardi,snake
Great Basin Collared Lizard,Crotaphytus,bicinctores,,lizard
Eastern Collared Lizard,Crotaphytus,collaris,,lizard
Sonoran Collared Lizard,Crotaphytus,nebrius,,lizard
Reticulate Collared Lizard,Crotaphytus,reticulatus,,lizard
Baja California Collared Lizard,Crotaphytus,vestigium,,lizard
Pacific Snake-Eyed Skink,Cryptoblepharus,poecilopleurus,,lizard
Hellbender,Cryptobranchus,alleganiensis,,salamander
Eastern Hellbender,Cryptobranchus,alleganiensis,alleganiensis,salamander
Ozark Hellbender,Cryptobranchus,alleganiensis,bishopi,salamander
Isla San Esteban Spiny-Tailed Iguana,Ctenosaura,conspicuosa,,lizard
Sonoran Spiny-Tailed Iguana,Ctenosaura,macrolopha,,lizard
Mexican Spiny-Tailed Iguana,Ctenosaura,pectinata,,lizard
Gray's Spiny-Tailed Iguana,Ctenosaura,similis,,lizard
Rough-Tailed Gecko,Cyrtopodion,scabrum,,lizard
Chicken Turtle,Deirochelys,reticularia,,turtle
Florida Chicken Turtle,Deirochelys,reticularia,chrysea,turtle
Western Chicken Turtle,Deirochelys,reticularia,miaria,turtle
Eastern Chicken Turtle,Deirochelys,reticularia,reticularia,turtle
Green-And-Black Poison Dart Frog,Dendrobates,auratus,,frog
Leatherback Sea Turtle,Dermochelys,coriacea,,turtle
Cumberland Dusky Salamander,Desmognathus,abditus ,,salamander
Seepage Salamander,Desmognathus,aeneus,,salamander
Apalachicola Dusky Salamander,Desmognathus,apalachicolae,,salamander
Holbrook's Southern Dusky Salamander,Desmognathus,auriculatus,,salamander
Ouachita Dusky Salamander,Desmognathus,brimleyorum,,salamander
Carolina Mountain Dusky Salamander,Desmognathus,carolinensis,,salamander
Spotted Dusky Salamander,Desmognathus,conanti,,salamander
Dwarf Black-Bellied Salamander,Desmognathus,folkertsi,,salamander
Northern Dusky Salamander,Desmognathus,fuscus,,salamander
Imitator Salamander,Desmognathus,imitator,,salamander
Shovel-Nosed Salamander,Desmognathus,marmoratus,,salamander
Seal Salamander,Desmognathus,monticola,,salamander
Allegheny Mountain Dusky Salamander,Desmognathus,ochrophaeus,,salamander
Ocoee Salamander,Desmognathus,ocoee,,salamander
Blue Ridge Dusky Salamander,Desmognathus,orestes,,salamander
Northern Pygmy Salamander,Desmognathus,organi,,salamander
Flat-Headed Salamander,Desmognathus,planiceps,,salamander
Black-Bellied Salamander,Desmognathus,quadramaculatus,,salamander
Santeetlah Dusky Salamander,Desmognathus,santeetlah,,salamander
Valentine's Southern Dusky Salamander,Desmognathus,valentinei,,salamander
Black Mountain Salamander,Desmognathus,welteri,,salamander
Pygmy Salamander,Desmognathus,wrighti,,salamander
Ring-Necked Snake,Diadophis,punctatus,,snake
Key Ring-Necked Snake,Diadophis,punctatus,acricus,snake
Pacific Ring-Necked Snake,Diadophis,punctatus,amabilis,snake
Prairie Ring-Necked Snake,Diadophis,punctatus,arnyi,snake
Northern Ring-Necked Snake,Diadophis,punctatus,edwardsii,snake
San Bernardino Ring-Necked Snake,Diadophis,punctatus,modestus,snake
Northwestern Ring-Necked Snake,Diadophis,punctatus,occidentalis,snake
Coral-Bellied Ring-Necked Snake,Diadophis,punctatus,pulchellus,snake
Southern Ring-Necked Snake,Diadophis,punctatus,punctatus,snake
Regal Ring-Necked Snake,Diadophis,punctatus,regalis,snake
San Diego Ring-Necked Snake,Diadophis,punctatus,similis,snake
Mississippi Ring-Necked Snake,Diadophis,punctatus,stictogenys,snake
Monterey Ring-Necked Snake,Diadophis,punctatus,vandenburgii,snake
Idaho Giant Salamander,Dicamptodon,aterrimus,,salamander
Cope's Giant Salamander,Dicamptodon,copei,,salamander
California Giant Salamander,Dicamptodon,ensatus,,salamander
Coastal Giant Salamander,Dicamptodon,tenebrosus,,salamander
Desert Iguana,Dipsosaurus,dorsalis,,lizard
Northern Desert Iguana,Dipsosaurus,dorsalis,dorsalis,lizard
Eastern Indigo Snake,Drymarchon,couperi,,snake
Gulf Coast  Indigo Snake,Drymarchon,kolpobasileus,,snake
Central American Indigo Snake,Drymarchon,melanurus,,snake
Texas Indigo Snake,Drymarchon,melanurus,erebennus,snake
Speckled Racer,Drymobius,margaritiferus,,snake
Northern Speckled Racer,Drymobius,margaritiferus,margaritiferus,snake
Coqui,Eleutherodactylus,coqui,,frog
Rio Grande Chirping Frog,Eleutherodactylus,cystignathoides,,frog
Rio Grande Chirping Frog,Eleutherodactylus,cystignathoides,campi,frog
Spotted Chirping Frog,Eleutherodactylus,guttilatus,,frog
Cliff Chirping Frog,Eleutherodactylus,marnockii,,frog
Greenhouse Frog,Eleutherodactylus,planirostris,,frog
Northern Alligator Lizard,Elgaria,coerulea,,lizard
San Francisco Alligator Lizard,Elgaria,coerulea,coerulea,lizard
Sierra Alligator Lizard,Elgaria,coerulea,palmeri,lizard
Northwestern Alligator Lizard,Elgaria,coerulea,principis,lizard
Shasta Alligator Lizard,Elgaria,coerulea,shastensis,lizard
Madrean Alligator Lizard,Elgaria,kingii,,lizard
Arizona Alligator Lizard,Elgaria,kingii,nobilis,lizard
Southern Alligator Lizard,Elgaria,multicarinata,,lizard
Forest Alligator Lizard,Elgaria,multicarinata,multicarinata,lizard
Woodland Alligator Lizard,Elgaria,multicarinata,webbii,lizard
Panamint Alligator Lizard,Elgaria,panamintina,,lizard
Copper-Tailed Skink,Emoia,cyanura,,lizard
Azure-Tailed Skink,Emoia,impar,,lizard
Blanding's Turtle,Emydoidea,blandingii,,turtle
Ensatina,Ensatina,eschscholtzii,,salamander
Yellow-Blotched Ensatina,Ensatina,eschscholtzii,croceater,salamander
Monterey Ensatina,Ensatina,eschscholtzii,eschscholtzii,salamander
Large-Blotched Ensatina,Ensatina,eschscholtzii,klauberi,salamander
Oregon Ensatina,Ensatina,eschscholtzii,oregonensis,salamander
Painted Ensatina,Ensatina,eschscholtzii,picta,salamander
Sierra Nevada Ensatina,Ensatina,eschscholtzii,platensis,salamander
Yellow-Eyed Ensatina,Ensatina,eschscholtzii,xanthoptica,salamander
Hawksbill Sea Turtle,Eretmochelys,imbricata,,turtle
Pacific Hawksbill Sea Turtle,Eretmochelys,imbricata,bissa,turtle
Atlantic Hawksbill Sea Turtle,Eretmochelys,imbricata,imbricata,turtle
Brown-Backed Salamander,Eurycea,aquatica,,salamander
Northern Two-Lined Salamander,Eurycea,bislineata,,salamander
Chamberlain's Dwarf Salamander,Eurycea,chamberlaini,,salamander
Salado Salamander,Eurycea,chisholmensis,,salamander
Southern Two-Lined Salamander,Eurycea,cirrigera,,salamander
Three-Lined Salamander,Eurycea,guttolineata,,salamander
Hillis's Dwarf Salamander,Eurycea,hillisi,,salamander
Junaluska Salamander,Eurycea,junaluska,,salamander
Cascade Caverns Salamander,Eurycea,latitans,,salamander
Long-Tailed Salamander,Eurycea,longicauda,,salamander
Eastern Long-Tailed Salamander,Eurycea,longicauda,longicauda,salamander
Dark-Sided Salamander,Eurycea,longicauda,melanopleura,salamander
Cave Salamander,Eurycea,lucifuga,,salamander
Many-Ribbed Salamander,Eurycea,multiplicata,,salamander
San Marcos Salamander,Eurycea,nana,,salamander
Georgetown Salamander,Eurycea,naufragia,,salamander
Texas Salamander,Eurycea,neotenes,,salamander
Western Dwarf Salamander,Eurycea,paludicola,,salamander
Fern Bank Salamander,Eurycea,pterophila,,salamander
Southern Dwarf Salamander,Eurycea,quadridigitata,,salamander
Texas Blind Salamander,Eurycea,rathbuni,,salamander
Blanco Blind Salamander,Eurycea,robusta,,salamander
Barton Springs Salamander,Eurycea,sosorum,,salamander
Grotto Salamander,Eurycea,spelaea,,salamander
Bog Dwarf Salamander,Eurycea,sphagnicola,,salamander
Ouachita Streambed Salamander,Eurycea,subfluvicola,,salamander
Jollyville Plateau Salamander,Eurycea,tonkawae,,salamander
Comal Blind Salamander,Eurycea,tridentifera,,salamander
Valdina Farms Salamander,Eurycea,troglodytes,,salamander
Oklahoma Salamander,Eurycea,tynerensis,,salamander
Georgia Blind Salamander,Eurycea,wallacei,,salamander
Austin Blind Salamander,Eurycea,waterlooensis,,salamander
Blue Ridge Two-Lined Salamander,Eurycea,wilderae,,salamander
Red-Bellied Mudsnake,Farancia,abacura,,snake
Eastern Mudsnake,Farancia,abacura,abacura,snake
Western Mudsnake,Farancia,abacura,reinwardtii,snake
Rainbow Snake,Farancia,erytrogramma,,snake
Common Rainbow Snake,Farancia,erytrogramma,erytrogramma,snake
Southern Florida Rainbow Snake,Farancia,erytrogramma,seminola,snake
Tamaulipan Hook-Nosed Snake,Ficimia,streckeri,,snake
Oustalet's Chameleon,Furcifer,oustaleti,,lizard
Panther Chameleon,Furcifer,pardalis,,lizard
Cope's Leopard Lizard,Gambelia,copeii,,lizard
Blunt-Nosed Leopard Lizard,Gambelia,sila,,lizard
Long-Nosed Leopard Lizard,Gambelia,wislizenii,,lizard
Eastern Narrow-Mouthed Toad,Gastrophryne,carolinensis,,frog
Sinaloan Narrow-Mouthed Toad,Gastrophryne,mazatlanensis,,frog
Western Narrow-Mouthed Toad,Gastrophryne,olivacea,,frog
Mutilating Gecko,Gehyra,mutilata,,lizard
Golden Gecko,Gekko,badenii,,lizard
Tokay Gecko,Gekko,gecko,,lizard
Texas Alligator Lizard,Gerrhonotus,infernalis,,lizard
Japanese Wrinkled Frog,Glandirana,rugosa,,frog
Wood Turtle,Glyptemys,insculpta,,turtle
Bog Turtle,Glyptemys,muhlenbergii,,turtle
Yellow-Headed Gecko,Gonatodes,albogularis,,lizard
Mohave Desert Tortoise,Gopherus,agassizii,,turtle
Berlandier's Tortoise,Gopherus,berlandieri,,turtle
Sonoran Desert Tortoise,Gopherus,morafkai,,turtle
Gopher Tortoise,Gopherus,polyphemus,,turtle
Barbour's Map Turtle,Graptemys,barbouri,,turtle
Cagle's Map Turtle,Graptemys,caglei,,turtle
Escambia Map Turtle,Graptemys,ernsti,,turtle
Yellow-Blotched Map Turtle,Graptemys,flavimaculata,,turtle
Northern Map Turtle,Graptemys,geographica,,turtle
Pascagoula Map Turtle,Graptemys,gibbonsi,,turtle
Black-Knobbed Map Turtle,Graptemys,nigrinoda,,turtle
Ringed Map Turtle,Graptemys,oculifera,,turtle
Ouachita Map Turtle,Graptemys,ouachitensis,,turtle
Pearl River Map Turtle,Graptemys,pearlensis,,turtle
False Map Turtle,Graptemys,pseudogeographica,,turtle
Mississippi Map Turtle,Graptemys,pseudogeographica,kohnii,turtle
Northern False Map Turtle,Graptemys,pseudogeographica,pseudogeographica,turtle
Alabama Map Turtle,Graptemys,pulchra,,turtle
Sabine Map Turtle,Graptemys,sabinensis,,turtle
Texas Map Turtle,Graptemys,versa,,turtle
Chihuahuan Hook-Nosed Snake,Gyalopion,canum,,snake
Thornscrub Hook-Nosed Snake,Gyalopion,quadrangulare,,snake
Berry Cave Salamander,Gyrinophilus,gulolineatus,,salamander
Tennessee Cave Salamander,Gyrinophilus,palleucus,,salamander
Big Mouth Cave Salamander,Gyrinophilus,palleucus,necturoides,salamander
Pale Salamander,Gyrinophilus,palleucus,palleucus,salamander
Spring Salamander,Gyrinophilus,porphyriticus,,salamander
Blue Ridge Spring Salamander,Gyrinophilus,porphyriticus,danielsi,salamander
Carolina Spring Salamander,Gyrinophilus,porphyriticus,dunni,salamander
Kentucky Spring Salamander,Gyrinophilus,porphyriticus,duryi,salamander
Northern Spring Salamander,Gyrinophilus,porphyriticus,porphyriticus,salamander
West Virginia Salamander ,Gyrinophilus,subterraneus,,salamander
Rough Earthsnake,Haldea,striatula,,snake
Gila Monster,Heloderma,suspectum,,lizard
Banded Gila Monster,Heloderma,suspectum,cinctum,lizard
Reticulate Gila Monster,Heloderma,suspectum,suspectum,lizard
Four-Toed Salamander,Hemidactylium,scutatum,,salamander
Common House Gecko,Hemidactylus,frenatus,,lizard
Indo-Pacific House Gecko,Hemidactylus,garnotii,,lizard
Wood Slave,Hemidactylus,mabouia,,lizard
Sri Lankan Spotted House Gecko,Hemidactylus,parvimaculatus,,lizard
Asian Flat-Tailed House Gecko,Hemidactylus,platyurus,,lizard
Mediterranean Gecko,Hemidactylus,turcicus,,lizard
Indo-Pacific Tree Gecko,Hemiphyllodactylus,typus,,lizard
Dusty Hog-Nosed Snake,Heterodon,gloydi,,snake
Mexican Hog-Nosed Snake,Heterodon,kennerlyi,,snake
Plains Hog-Nosed Snake,Heterodon,nasicus,,snake
Eastern Hog-Nosed Snake,Heterodon,platirhinos,,snake
Southern Hog-Nosed Snake,Heterodon,simus,,snake
Elegant Earless Lizard,Holbrookia,elegans,,lizard
Sonoran Earless Lizard,Holbrookia,elegans,thermophila,lizard
Spot-Tailed Earless Lizard,Holbrookia,lacerata,,lizard
Northern Spot-Tailed Earless Lizard,Holbrookia,lacerata,lacerata,lizard
Southern Spot-Tailed Earless Lizard,Holbrookia,lacerata,subcaudalis,lizard
Common Lesser Earless Lizard,Holbrookia,maculata,,lizard
Plateau Earless Lizard,Holbrookia,maculata,campi,lizard
Chihuahuan Lesser Earless Lizard,Holbrookia,maculata,flavilenta,lizard
Great Plains Earless Lizard,Holbrookia,maculata,maculata,lizard
Prairie Earless Lizard,Holbrookia,maculata,perspicua,lizard
Bleached Earless Lizard,Holbrookia,maculata,ruthveni,lizard
Keeled Earless Lizard,Holbrookia,propinqua,,lizard
Northern Keeled Earless Lizard,Holbrookia,propinqua,propinqua,lizard
Limestone Salamander,Hydromantes,brunus,,salamander
Mount Lyell Salamander,Hydromantes,platycephalus,,salamander
Shasta Salamander,Hydromantes,shastae,,salamander
Yellow-Bellied Seasnake,Hydrophis,platurus,,snake
Pine Barrens Treefrog,Hyla,andersonii,,frog
Canyon Treefrog,Hyla,arenicolor,,frog
Bird-Voiced Treefrog,Hyla,avivoca,,frog
Western Bird-Voiced Treefrog,Hyla,avivoca,avivoca,frog
Eastern Bird-Voiced Treefrog,Hyla,avivoca,ogechiensis,frog
Cope's Gray Treefrog,Hyla,chrysoscelis,,frog
Green Treefrog,Hyla,cinerea,,frog
Pine Woods Treefrog,Hyla,femoralis,,frog
Barking Treefrog,Hyla,gratiosa,,frog
Squirrel Treefrog,Hyla,squirella,,frog
Gray Treefrog,Hyla,versicolor,,frog
Arizona Treefrog,Hyla,wrightorum,,frog
Sheep Frog,Hypopachus,variolosus,,frog
Desert Nightsnake,Hypsiglena,chlorophaea,,snake
Sonoran Nightsnake,Hypsiglena,chlorophaea,chlorophaea,snake
Northern Desert Nightsnake,Hypsiglena,chlorophaea,deserticola,snake
Mesa Verde Nightsnake,Hypsiglena,chlorophaea,loreala,snake
Chihuahuan Nightsnake,Hypsiglena,jani,,snake
Texas Nightsnake,Hypsiglena,jani,texana,snake
Coast Nightsnake,Hypsiglena,ochrorhyncha,,snake
San Diego Nightsnake,Hypsiglena,ochrorhyncha,klauberi,snake
California Nightsnake,Hypsiglena,ochrorhyncha,nuchalata,snake
Green Iguana,Iguana,iguana,,lizard
Sonoran Desert Toad,Incilius,alvarius,,frog
Gulf Coast Toad,Incilius,nebulifer,,frog
Brahminy Blindsnake,Indotyphlops,braminus,,snake
Arizona Mud Turtle,Kinosternon,arizonense,,turtle
Striped Mud Turtle,Kinosternon,baurii,,turtle
Yellow Mud Turtle,Kinosternon,flavescens,,turtle
Rough-Footed Mud Turtle,Kinosternon,hirtipes,,turtle
Mexican Plateau Mud Turtle,Kinosternon,hirtipes,murrayi,turtle
Sonora Mud Turtle,Kinosternon,sonoriense,,turtle
Sonoyta Mud Turtle,Kinosternon,sonoriense,longifemorale,turtle
Desert Mud Turtle,Kinosternon,sonoriense,sonoriense,turtle
Florida Mud Turtle,Kinosternon,steindachneri,,turtle
Eastern Mud Turtle,Kinosternon,subrubrum,,turtle
Mississippi Mud Turtle,Kinosternon,subrubrum,hippocrepis,turtle
Southeastern Mud Turtle,Kinosternon,subrubrum,subrubrum,turtle
Western Green Lacerta,Lacerta,bilineata,,lizard
Gray-Banded Kingsnake,Lampropeltis,alterna,,snake
Mexican Milksnake,Lampropeltis,annulata,,snake
California Kingsnake,Lampropeltis,californiae,,snake
Prairie Kingsnake,Lampropeltis,calligaster,,snake
Scarlet Kingsnake,Lampropeltis,elapsoides,,snake
Short-Tailed Kingsnake,Lampropeltis,extenuata,,snake
Florida Kingsnake,Lampropeltis,floridana,,snake
Western Milksnake,Lampropeltis,gentilis,,snake
Eastern Kingsnake,Lampropeltis,getula,,snake
Speckled Kingsnake,Lampropeltis,holbrooki,,snake
Madrean Mountain Kingsnake,Lampropeltis,knoblochi,,snake
Apalachicola Kingsnake,Lampropeltis,meansi,,snake
Coast Mountain Kingsnake,Lampropeltis,multifasciata,,snake
Eastern Black Kingsnake,Lampropeltis,nigra,,snake
Western Black Kingsnake,Lampropeltis,nigrita,,snake
South Florida Mole Kingsnake,Lampropeltis,occipitolineata,,snake
Arizona Mountain Kingsnake,Lampropeltis,pyromelana,,snake
Northern Mole Kingsnake,Lampropeltis,rhombomaculata,,snake
Desert Kingsnake,Lampropeltis,splendida,,snake
Eastern Milksnake,Lampropeltis,triangulum,,snake
California Mountain Kingsnake,Lampropeltis,zonata,,snake
Plague Skink,Lampropholis,delicata,,lizard
Northern Curly-Tailed Lizard,Leiocephalus,carinatus,,lizard
Red-Sided Curly-Tailed Lizard,Leiocephalus,schreibersii,,lizard
Butterfly Lizard,Leiolepis,belliana,,lizard
Red-Banded Butterfly Lizard,Leiolepis,rubritaeniata,,lizard
Kemp's Ridley Sea Turtle,Lepidochelys,kempii,,turtle
Olive Ridley Sea Turtle,Lepidochelys,olivacea,,turtle
Mourning Gecko,Lepidodactylus,lugubris,,lizard
Mexican White-Lipped Frog,Leptodactylus,fragilis,,frog
Northern Cat-Eyed Snake,Leptodeira,septentrionalis,,snake
Rosy Boa,Lichanura,orcutti,,snake
Three-Lined Boa,Lichanura,trivirgata,,snake
Striped Swampsnake,Liodytes,alleni,,snake
Black Swampsnake,Liodytes,pygaea,,snake
Southern Florida Swampsnake,Liodytes,pygaea,cyclas,snake
Carolina Swampsnake,Liodytes,pygaea,paludis,snake
Northern Florida Swampsnake,Liodytes,pygaea,pygaea,snake
Glossy Swampsnake,Liodytes,rigida,,snake
Delta Swampsnake,Liodytes,rigida,deltae,snake
Eastern Glossy Swampsnake,Liodytes,rigida,rigida,snake
Gulf Swampsnake,Liodytes,rigida,sinicola,snake
Moth Skink,Lipinia,noctua,,lizard
Crawfish Frog,Lithobates,areolatus,,frog
Southern Crawfish Frog,Lithobates,areolatus,areolatus,frog
Northern Crawfish Frog,Lithobates,areolatus,circulosus,frog
Rio Grande Leopard Frog,Lithobates,berlandieri,,frog
Plains Leopard Frog,Lithobates,blairi,,frog
Gopher Frog,Lithobates,capito,,frog
American Bullfrog,Lithobates,catesbeianus,,frog
Chiricahua Leopard Frog,Lithobates,chiricahuensis,,frog
Green Frog,Lithobates,clamitans,,frog
Vegas Valley Leopard Frog,Lithobates,fisheri,,frog
Pig Frog,Lithobates,grylio,,frog
River Frog,Lithobates,heckscheri,,frog
Mid-Atlantic Coast Leopard Frog,Lithobates,kauffeldi,,frog
Florida Bog Frog,Lithobates,okaloosae,,frog
Relict Leopard Frog,Lithobates,onca,,frog
Pickerel Frog,Lithobates,palustris,,frog
Northern Leopard Frog,Lithobates,pipiens,,frog
Mink Frog,Lithobates,septentrionalis,,frog
Dusky Gopher Frog,Lithobates,sevosus,,frog
Southern Leopard Frog,Lithobates,sphenocephalus,,frog
Florida Leopard Frog,Lithobates,sphenocephalus,sphenocephalus,frog
Coastal Plains Leopard Frog,Lithobates,sphenocephalus,utricularius,frog
Wood Frog,Lithobates,sylvaticus,,frog
Tarahumara Frog,Lithobates,tarahumarae,,frog
Carpenter Frog,Lithobates,virgatipes,,frog
Lowland Leopard Frog,Lithobates,yavapaiensis,,frog
Brown Mabuya,Mabuya,multifasciata,,lizard
Suwannee Alligator Snapping Turtle,Macrochelys,suwanniensis,,turtle
Alligator Snapping Turtle,Macrochelys,temminckii,,turtle
Diamond-Backed Terrapin,Malaclemys,terrapin,,turtle
Carolina Diamond-Backed Terrapin,Malaclemys,terrapin,centrata,turtle
Texas Diamond-Backed Terrapin,Malaclemys,terrapin,littoralis,turtle
Ornate Diamond-Backed Terrapin,Malaclemys,terrapin,macrospilota,turtle
Mississippi Diamond-Backed Terrapin,Malaclemys,terrapin,pileata,turtle
Mangrove Diamond-Backed Terrapin,Malaclemys,terrapin,rhizophorarum,turtle
Eastern Florida Diamond-Backed Terrapin,Malaclemys,terrapin,tequesta,turtle
Northern Diamond-Backed Terrapin,Malaclemys,terrapin,terrapin,turtle
Sonoran Coralsnake,Micruroides,euryxanthus,,snake
Arizona Coralsnake,Micruroides,euryxanthus,euryxanthus,snake
Harlequin Coralsnake,Micrurus,fulvius,,snake
Texas Coralsnake,Micrurus,tener,,snake
Texas Gulf-Coast Coralsnake,Micrurus,tener,tener,snake
Black Warrior River Waterdog,Necturus,alabamensis,,salamander
Gulf Coast Waterdog,Necturus,beyeri,,salamander
Neuse River Waterdog,Necturus,lewisi,,salamander
Mudpuppy,Necturus,maculosus,,salamander
Red River Mudpuppy,Necturus,maculosus,louisianensis,salamander
Common Mudpuppy,Necturus,maculosus,maculosus,salamander
Dwarf Waterdog,Necturus,punctatus,,salamander
Saltmarsh Snake,Nerodia,clarkii,,snake
Gulf Saltmarsh Watersnake,Nerodia,clarkii,clarkii,snake
Mangrove Saltmarsh Watersnake,Nerodia,clarkii,compressicauda,snake
Atlantic Saltmarsh Watersnake,Nerodia,clarkii,taeniata,snake
Mississippi Green Watersnake,Nerodia,cyclopion,,snake
Plain-Bellied Watersnake,Nerodia,erythrogaster,,snake
Southern Watersnake,Nerodia,fasciata,,snake
Broad-Banded Watersnake,Nerodia,fasciata,confluens,snake
Banded Watersnake,Nerodia,fasciata,fasciata,snake
Florida Watersnake,Nerodia,fasciata,pictiventris,snake
Florida Green Watersnake,Nerodia,floridana,,snake
Brazos River Watersnake,Nerodia,harteri,,snake
Concho Watersnake,Nerodia,paucimaculata,,snake
Diamond-Backed Watersnake,Nerodia,rhombifer,,snake
Northern Diamond-Backed Watersnake,Nerodia,rhombifer,rhombifer,snake
Common Watersnake,Nerodia,sipedon,,snake
Lake Erie Watersnake,Nerodia,sipedon,insularum,snake
Midland Watersnake,Nerodia,sipedon,pleuralis,snake
Northern Watersnake,Nerodia,sipedon,sipedon,snake
Carolina Watersnake,Nerodia,sipedon,williamengelsi,snake
Brown Watersnake,Nerodia,taxispilota,,snake
Black-Spotted Newt,Notophthalmus,meridionalis,,salamander
Texas Black-Spotted Newt,Notophthalmus,meridionalis,meridionalis,salamander
Striped Newt,Notophthalmus,perstriatus,,salamander
Eastern Newt,Notophthalmus,viridescens,,salamander
Broken-Striped Newt,Notophthalmus,viridescens,dorsalis,salamander
Central Newt,Notophthalmus,viridescens,louisianensis,salamander
Peninsula Newt,Notophthalmus,viridescens,piaropicola,salamander
Red-Spotted Newt,Notophthalmus,viridescens,viridescens,salamander
Rough Greensnake,Opheodrys,aestivus,,snake
Northern Rough Greensnake,Opheodrys,aestivus,aestivus,snake
Florida Rough Greensnake,Opheodrys,aestivus,carinatus,snake
Smooth Greensnake,Opheodrys,vernalis,,snake
Slender Glass Lizard,Ophisaurus,attenuatus,,lizard
Western Slender Glass Lizard,Ophisaurus,attenuatus,attenuatus,lizard
Eastern Slender Glass Lizard,Ophisaurus,attenuatus,longicaudus,lizard
Island Glass Lizard,Ophisaurus,compressus,,lizard
Mimic Glass Lizard,Ophisaurus,mimicus,,lizard
Eastern Glass Lizard,Ophisaurus,ventralis,,lizard
Cuban Treefrog,Osteopilus,septentrionalis,,frog
Brown Vinesnake,Oxybelis,aeneus,,snake
Wattle-Necked Softshell,Palea,steindachneri,,turtle
Eastern Ratsnake,Pantherophis,alleghaniensis,,snake
Baird's Ratsnake,Pantherophis,bairdi,,snake
Great Plains Ratsnake,Pantherophis,emoryi,,snake
Red Cornsnake,Pantherophis,guttatus,,snake
Western Ratsnake,Pantherophis,obsoletus,,snake
Western Foxsnake,Pantherophis,ramspotti,,snake
Slowinski's Cornsnake,Pantherophis,slowinskii,,snake
Gray Ratsnake,Pantherophis,spiloides,,snake
Eastern Foxsnake,Pantherophis,vulpinus,,snake
Chinese Softshell,Pelodiscus,sinensis,,turtle
Mearns's Rock Lizard,Petrosaurus,mearnsi,,lizard
Red Hills Salamander,Phaeognathus,hubrichti,,salamander
Madagascan Giant Day Gecko,Phelsuma,grandis,,lizard
Orange-Spotted Day Gecko,Phelsuma,guimbeaui,,lizard
Gold Dust Day Gecko,Phelsuma,laticauda,,lizard
Blainville's Horned Lizard,Phrynosoma,blainvillii,,lizard
Texas Horned Lizard,Phrynosoma,cornutum,,lizard
Pygmy Short-Horned Lizard,Phrynosoma,douglasii,,lizard
Goode's Horned Lizard,Phrynosoma,goodei,,lizard
Greater Short-Horned Lizard,Phrynosoma,hernandesi,,lizard
Baur's Short-Horned Lizard,Phrynosoma,hernandesi,bauri,lizard
Plains Short-Horned Lizard,Phrynosoma,hernandesi,brevirostris,lizard
San Luis Valley Short-Horned Lizard,Phrynosoma,hernandesi,diminutum,lizard
Hernandez's Short-Horned Lizard,Phrynosoma,hernandesi,hernandesi,lizard
New Mexico Short-Horned Lizard,Phrynosoma,hernandesi,ornatissimum,lizard
Great Basin Short-Horned Lizard,Phrynosoma,hernandesi,ornatum,lizard
Flat-Tailed Horned Lizard,Phrynosoma,mcallii,,lizard
Round-Tailed Horned Lizard,Phrynosoma,modestum,,lizard
Desert Horned Lizard,Phrynosoma,platyrhinos,,lizard
Regal Horned Lizard,Phrynosoma,solare,,lizard
Peninsula Leaf-Toed Gecko,Phyllodactylus,nocticolus,,lizard
Saddled Leaf-Nosed Snake ,Phyllorhynchus,browni,,snake
Spotted Leaf-Nosed Snake,Phyllorhynchus,decurtatus,,snake
Gophersnake,Pituophis,catenifer,,snake
Sonoran Gophersnake,Pituophis,catenifer,affinis,snake
San Diego Gophersnake,Pituophis,catenifer,annectens,snake
Pacific Gophersnake,Pituophis,catenifer,catenifer,snake
Great Basin Gophersnake,Pituophis,catenifer,deserticola,snake
Santa Cruz Island Gophersnake,Pituophis,catenifer,pumilus,snake
Bullsnake,Pituophis,catenifer,sayi,snake
Eastern Pinesnake,Pituophis,melanoleucus,,snake
Black Pinesnake,Pituophis,melanoleucus,lodingi,snake
Northern Pinesnake,Pituophis,melanoleucus,melanoleucus,snake
Florida Pinesnake,Pituophis,melanoleucus,mugitus,snake
Louisiana Pinesnake,Pituophis,ruthveni,,snake
Coal Skink,Plestiodon,anthracinus,,lizard
Northern Coal Skink,Plestiodon,anthracinus,anthracinus,lizard
Southern Coal Skink,Plestiodon,anthracinus,pluvialis,lizard
Mountain Skink,Plestiodon,callicephalus,,lizard
Mole Skink,Plestiodon,egregius,,lizard
Florida Keys Mole Skink,Plestiodon,egregius,egregius,lizard
Cedar Key Mole Skink,Plestiodon,egregius,insularis,lizard
Blue-Tailed Mole Skink,Plestiodon,egregius,lividus,lizard
Peninsula Mole Skink,Plestiodon,egregius,onocrepis,lizard
Northern Mole Skink,Plestiodon,egregius,similis,lizard
Common Five-Lined Skink,Plestiodon,fasciatus,,lizard
Gilbert's Skink,Plestiodon,gilberti,,lizard
Variegated Skink,Plestiodon,gilberti,cancellosus,lizard
Greater Brown Skink,Plestiodon,gilberti,gilberti,lizard
Northern Brown Skink,Plestiodon,gilberti,placerensis,lizard
Western Red-Tailed Skink,Plestiodon,gilberti,rubricaudatus,lizard
Southeastern Five-Lined Skink,Plestiodon,inexpectatus,,lizard
Broad-Headed Skink,Plestiodon,laticeps,,lizard
Many-Lined Skink,Plestiodon,multivirgatus,,lizard
Variable Skink,Plestiodon,multivirgatus,epipleurotus,lizard
Northern Many-Lined Skink,Plestiodon,multivirgatus,multivirgatus,lizard
Great Plains Skink,Plestiodon,obsoletus,,lizard
Florida Sand Skink,Plestiodon,reynoldsi,,lizard
Prairie Skink,Plestiodon,septentrionalis,,lizard
Southern Prairie Skink,Plestiodon,septentrionalis,obtusirostris,lizard
Pallid Skink,Plestiodon,septentrionalis,pallidus,lizard
Northern Prairie Skink,Plestiodon,septentrionalis,septentrionalis,lizard
Western Skink,Plestiodon,skiltonianus,,lizard
Coronado Skink,Plestiodon,skiltonianus,interparietalis,lizard
Skilton's Skink,Plestiodon,skiltonianus,skiltonianus,lizard
Great Basin Skink,Plestiodon,skiltonianus,utahensis,lizard
Four-Lined Skink,Plestiodon,tetragrammus,,lizard
Short-Lined Skink,Plestiodon,tetragrammus,brevilineatus,lizard
Long-Lined Skink,Plestiodon,tetragrammus,tetragrammus,lizard
Bay Springs Salamander,Plethodon,ainsworthi,,salamander
Western Slimy Salamander,Plethodon,albagula,,salamander
Blue Ridge Gray-Cheeked Salamander,Plethodon,amplus,,salamander
Ozark Zigzag Salamander,Plethodon,angusticlavius,,salamander
Scott Bar Salamander,Plethodon,asupak,,salamander
Tellico Salamander,Plethodon,aureolus,,salamander
Caddo Mountain Salamander,Plethodon,caddoensis,,salamander
Chattahoochee Slimy Salamander,Plethodon,chattahoochee,,salamander
Cheoah Bald Salamander,Plethodon,cheoah,,salamander
Atlantic Coast Slimy Salamander,Plethodon,chlorobryonis,,salamander
Eastern Red-Backed Salamander,Plethodon,cinereus,,salamander
White-Spotted Slimy Salamander,Plethodon,cylindraceus,,salamander
Northern Zigzag Salamander,Plethodon,dorsalis,,salamander
Dunn's Salamander,Plethodon,dunni,,salamander
Northern Ravine Salamander,Plethodon,electromorphus,,salamander
Del Norte Salamander,Plethodon,elongatus,,salamander
Fourche Mountain Salamander,Plethodon,fourchensis,,salamander
Northern Slimy Salamander,Plethodon,glutinosus,,salamander
Southeastern Slimy Salamander,Plethodon,grobmani,,salamander
Valley and Ridge Salamander,Plethodon,hoffmani,,salamander
Peaks of Otter Salamander,Plethodon,hubrichti,,salamander
Coeur D'alene Salamander,Plethodon,idahoensis,,salamander
Red-Cheeked Salamander,Plethodon,jordani,,salamander
Cumberland Plateau Salamander,Plethodon,kentucki,,salamander
Kiamichi Slimy Salamander,Plethodon,kiamichi,,salamander
Louisiana Slimy Salamander,Plethodon,kisatchie,,salamander
Larch Mountain Salamander,Plethodon,larselli,,salamander
South Mountain Gray-Cheeked Salamander,Plethodon,meridianus,,salamander
Southern Gray-Cheeked Salamander,Plethodon,metcalfi,,salamander
Mississippi Slimy Salamander,Plethodon,mississippi,,salamander
Northern Gray-Cheeked Salamander,Plethodon,montanus,,salamander
Jemez Mountains Salamander,Plethodon,neomexicanus,,salamander
Cheat Mountain Salamander,Plethodon,nettingi,,salamander
Ocmulgee Slimy Salamander,Plethodon,ocmulgee,,salamander
Rich Mountain Salamander,Plethodon,ouachitae,,salamander
Pigeon Mountain Salamander,Plethodon,petraeus,,salamander
Cow Knob Salamander,Plethodon,punctatus,,salamander
Southern Ravine Salamander,Plethodon,richmondi,,salamander
Savannah Slimy Salamander,Plethodon,savannah,,salamander
Sequoyah Slimy Salamander,Plethodon,sequoyah,,salamander
Southern Red-Backed Salamander,Plethodon,serratus,,salamander
Shenandoah Salamander,Plethodon,shenandoah,,salamander
Big Levels Salamander,Plethodon,sherando,,salamander
Red-Legged Salamander,Plethodon,shermani,,salamander
Siskiyou Mountains Salamander,Plethodon,stormi,,salamander
Southern Appalachian Salamander,Plethodon,teyahalee,,salamander
Van Dyke's Salamander,Plethodon,vandykei,,salamander
South Carolina Slimy Salamander,Plethodon,variolatus,,salamander
Western Red-Backed Salamander,Plethodon,vehiculum,,salamander
Southern Zigzag Salamander,Plethodon,ventralis,,salamander
Shenandoah Mountain Salamander,Plethodon,virginia,,salamander
Webster's Salamander,Plethodon,websteri,,salamander
Wehrle's Salamander,Plethodon,wehrlei,,salamander
Weller's Salamander,Plethodon,welleri,,salamander
Yonahlossee Salamander,Plethodon,yonahlossee,,salamander
Common Wall Lizard,Podarcis,muralis,,lizard
Italian Wall Lizard,Podarcis,siculus,,lizard
Mountain Chorus Frog,Pseudacris,brachyphona,,frog
Brimley's Chorus Frog,Pseudacris,brimleyi,,frog
California Treefrog,Pseudacris,cadaverina,,frog
Spotted Chorus Frog,Pseudacris,clarkii,,frog
Spring Peeper,Pseudacris,crucifer,,frog
Upland Chorus Frog,Pseudacris,feriarum,,frog
Cajun Chorus Frog,Pseudacris,fouquettei,,frog
Baja California Treefrog,Pseudacris,hypochondriaca,,frog
Northern Baja California Treefrog,Pseudacris,hypochondriaca,hypochondriaca,frog
Illinois Chorus Frog,Pseudacris,illinoensis,,frog
New Jersey Chorus Frog,Pseudacris,kalmi,,frog
Boreal Chorus Frog,Pseudacris,maculata,,frog
Southern Chorus Frog,Pseudacris,nigrita,,frog
Little Grass Frog,Pseudacris,ocularis,,frog
Ornate Chorus Frog,Pseudacris,ornata,,frog
Pacific Treefrog,Pseudacris,regilla,,frog
Sierran Treefrog,Pseudacris,sierra,,frog
Strecker's Chorus Frog,Pseudacris,streckeri,,frog
Western Chorus Frog,Pseudacris,triseriata,,frog
Alabama Red-Bellied Cooter,Pseudemys,alabamensis,,turtle
River Cooter,Pseudemys,concinna,,turtle
Eastern River Cooter,Pseudemys,concinna,concinna,turtle
Coastal Plain Cooter,Pseudemys,concinna,floridana,turtle
Rio Grande Cooter,Pseudemys,gorzugi,,turtle
Florida Red-Bellied Cooter,Pseudemys,nelsoni,,turtle
Peninsula Cooter,Pseudemys,peninsularis,,turtle
Northern Red-Bellied Cooter,Pseudemys,rubriventris,,turtle
Suwannee Cooter,Pseudemys,suwanniensis,,turtle
Texas Cooter,Pseudemys,texana,,turtle
Southern Dwarf Siren,Pseudobranchus,axanthus,,salamander
Narrow-Striped Dwarf Siren,Pseudobranchus,axanthus,axanthus,salamander
Everglades Dwarf Siren,Pseudobranchus,axanthus,belli,salamander
Northern Dwarf Siren,Pseudobranchus,striatus,,salamander
Gulf Hammock Dwarf Siren,Pseudobranchus,striatus,lustricolus,salamander
Slender Dwarf Siren,Pseudobranchus,striatus,spheniscus,salamander
Broad-Striped Dwarf Siren,Pseudobranchus,striatus,striatus,salamander
Mud Salamander,Pseudotriton,montanus,,salamander
Midland Mud Salamander,Pseudotriton,montanus,diastictus,salamander
Gulf Coast Mud Salamander,Pseudotriton,montanus,flavissimus,salamander
Rusty Mud Salamander,Pseudotriton,montanus,floridanus,salamander
Eastern Mud Salamander,Pseudotriton,montanus,montanus,salamander
Red Salamander,Pseudotriton,ruber,,salamander
Blue Ridge Red Salamander,Pseudotriton,ruber,nitidus,salamander
Northern Red Salamander,Pseudotriton,ruber,ruber,salamander
Black-Chinned Red Salamander,Pseudotriton,ruber,schencki,salamander
Southern Red Salamander,Pseudotriton,ruber,vioscai,salamander
Indian Python,Python,molurus,,snake
Burmese Python,Python,molurus,bivittatus,snake
Northern African Rock Python,Python,sebae,,snake
Northern Red-Legged Frog,Rana,aurora,,frog
Foothill Yellow-Legged Frog,Rana,boylii,,frog
Cascades Frog,Rana,cascadae,,frog
California Red-Legged Frog,Rana,draytonii,,frog
Columbia Spotted Frog,Rana,luteiventris,,frog
Southern Mountain Yellow-Legged Frog,Rana,muscosa,,frog
Oregon Spotted Frog,Rana,pretiosa,,frog
Sierra Nevada Yellow-Legged Frog,Rana,sierrae,,frog
Graham's Crawfish Snake,Regina,grahamii,,snake
Queensnake,Regina,septemvittata,,snake
New Mexico Threadsnake,Rena,dissecta,,snake
Texas Threadsnake,Rena,dulcis,,snake
Plains Threadsnake,Rena,dulcis,dulcis,snake
South Texas Threadsnake,Rena,dulcis,rubella,snake
Western Threadsnake,Rena,humilis,,snake
Desert Threadsnake,Rena,humilis,cahuilae,snake
Southwestern Threadsnake,Rena,humilis,humilis,snake
Trans-Pecos Threadsnake,Rena,humilis,segrega,snake
Utah Threadsnake,Rena,humilis,utahensis,snake
Pine Woods Littersnake,Rhadinaea,flavilata,,snake
Mesoamerican Cane Toad,Rhinella,horribilis,,frog
South American Cane Toad,Rhinella,marina,,frog
Florida Wormlizard,Rhineura,floridana,,lizard
Long-Nosed Snake,Rhinocheilus,lecontei,,snake
Burrowing Toad,Rhinophrynus,dorsalis,,frog
Cascade Torrent Salamander,Rhyacotriton,cascadae,,salamander
Columbia Torrent Salamander,Rhyacotriton,kezeri,,salamander
Olympic Torrent Salamander,Rhyacotriton,olympicus,,salamander
Southern Torrent Salamander,Rhyacotriton,variegatus,,salamander
Eastern Patch-Nosed Snake,Salvadora,grahamiae,,snake
Mountain Patch-Nosed Snake,Salvadora,grahamiae,grahamiae,snake
Texas Patch-Nosed Snake,Salvadora,grahamiae,lineata,snake
Western Patch-Nosed Snake,Salvadora,hexalepis,,snake
Big Bend Patch-Nosed Snake,Salvadora,hexalepis,deserticola,snake
Desert Patch-Nosed Snake,Salvadora,hexalepis,hexalepis,snake
Mohave Patch-Nosed Snake,Salvadora,hexalepis,mojavensis,snake
Coast Patch-Nosed Snake,Salvadora,hexalepis,virgultea ,snake
Argentine Giant Tegu,Salvator,merianae,,lizard
Common Chuckwalla,Sauromalus,ater,,lizard
Couch's Spadefoot,Scaphiopus,couchii,,frog
Eastern Spadefoot,Scaphiopus,holbrookii,,frog
Hurter's Spadefoot,Scaphiopus,hurterii,,frog
Dunes Sagebrush Lizard,Sceloporus,arenicolus,,lizard
Twin-Spotted Spiny Lizard,Sceloporus,bimaculosus,,lizard
Clark's Spiny Lizard,Sceloporus,clarkii,,lizard
Sonoran Spiny Lizard,Sceloporus,clarkii,clarkii,lizard
Plateau Spiny Lizard,Sceloporus,clarkii,vallaris,lizard
Prairie Lizard,Sceloporus,consobrinus,,lizard
Southwestern Fence Lizard,Sceloporus,cowlesi,,lizard
Blue Spiny Lizard,Sceloporus,cyanogenys,,lizard
Common Sagebrush Lizard,Sceloporus,graciosus,,lizard
Western Sagebrush Lizard,Sceloporus,graciosus,gracilis,lizard
Northern Sagebrush Lizard,Sceloporus,graciosus,graciosus,lizard
Southern Sagebrush Lizard,Sceloporus,graciosus,vandenburgianus,lizard
Graphic Spiny Lizard,Sceloporus,grammicus,,lizard
Mesquite Lizard,Sceloporus,grammicus,microlepidotus,lizard
Yarrow's Spiny Lizard,Sceloporus,jarrovii,,lizard
Desert Spiny Lizard,Sceloporus,magister,,lizard
Canyon Lizard,Sceloporus,merriami,,lizard
Big Bend Canyon Lizard,Sceloporus,merriami,annulatus,lizard
Presidio Canyon Lizard,Sceloporus,merriami,longipunctatus,lizard
Merriam's Canyon Lizard,Sceloporus,merriami,merriami,lizard
Western Fence Lizard,Sceloporus,occidentalis,,lizard
Island Fence Lizard,Sceloporus,occidentalis,becki,lizard
San Joaquin Fence Lizard,Sceloporus,occidentalis,biseriatus,lizard
Coast Range Fence Lizard,Sceloporus,occidentalis,bocourtii,lizard
Great Basin Fence Lizard,Sceloporus,occidentalis,longipes,lizard
Northwestern Fence Lizard,Sceloporus,occidentalis,occidentalis,lizard
Texas Spiny Lizard,Sceloporus,olivaceus,,lizard
Granite Spiny Lizard,Sceloporus,orcutti,,lizard
Crevice Spiny Lizard,Sceloporus,poinsettii,,lizard
Texas Crevice Spiny Lizard,Sceloporus,poinsettii,axtelli,lizard
New Mexico Crevice Spiny Lizard,Sceloporus,poinsettii,poinsettii,lizard
Slevin's Bunchgrass Lizard,Sceloporus,slevini,,lizard
Plateau Fence Lizard,Sceloporus,tristichus,,lizard
Eastern Fence Lizard,Sceloporus,undulatus,,lizard
Yellow-Backed Spiny Lizard,Sceloporus,uniformis,,lizard
Rose-Bellied Lizard,Sceloporus,variabilis,,lizard
Texas Rose-Bellied Lizard,Sceloporus,variabilis,marmoratus,lizard
Striped Plateau Lizard,Sceloporus,virgatus,,lizard
Florida Scrub Lizard,Sceloporus,woodi,,lizard
Little Brown Skink,Scincella,lateralis,,lizard
Green Ratsnake,Senticolis,triaspis,,snake
Northern Green Ratsnake,Senticolis,triaspis,intermedia,snake
Lesser Siren,Siren,intermedia,,salamander
Eastern Lesser Siren,Siren,intermedia,intermedia,salamander
Western Lesser Siren,Siren,intermedia,nettingi,salamander
Greater Siren,Siren,lacertina,,salamander
Eastern Massasauga,Sistrurus,catenatus,,snake
Pygmy Rattlesnake,Sistrurus,miliarius,,snake
Dusky Pygmy Rattlesnake,Sistrurus,miliarius,barbouri,snake
Carolina Pygmy Rattlesnake,Sistrurus,miliarius,miliarius,snake
Western Pygmy Rattlesnake,Sistrurus,miliarius,streckeri,snake
Western Massasauga,Sistrurus,tergeminus,,snake
Desert Massasauga,Sistrurus,tergeminus,edwardsii,snake
Prairie Massasauga,Sistrurus,tergeminus,tergeminus,snake
Mexican Treefrog,Smilisca,baudinii,,frog
Lowland Burrowing Treefrog,Smilisca,fodiens,,frog
Western Groundsnake,Sonora,semiannulata,,snake
Variable Groundsnake,Sonora,semiannulata,semiannulata,snake
Southern Texas Groundsnake,Sonora,semiannulata,taylori,snake
Plains Spadefoot,Spea,bombifrons,,frog
Western Spadefoot,Spea,hammondii,,frog
Great Basin Spadefoot,Spea,intermontana,,frog
Mexican Spadefoot,Spea,multiplicata,,frog
Chihuahuan Desert Spadefoot,Spea,multiplicata,stagnalis,frog
Ocellated Gecko,Sphaerodactylus,argus,,lizard
Ashy Gecko,Sphaerodactylus,elegans,,lizard
Reef Gecko,Sphaerodactylus,notatus,,lizard
Florida Reef Gecko,Sphaerodactylus,notatus,notatus,lizard
Pacific Coast Giant Musk Turtle,Staurotypus,salvinii,,turtle
Many-Lined Salamander,Stereochilus,marginatus,,salamander
Razor-Backed Musk Turtle,Sternotherus,carinatus,,turtle
Flattened Musk Turtle,Sternotherus,depressus,,turtle
Loggerhead Musk Turtle,Sternotherus,minor,,turtle
Eastern Loggerhead Musk Turtle,Sternotherus,minor,minor,turtle
Stripe-Necked Musk Turtle,Sternotherus,minor,peltifer,turtle
Eastern Musk Turtle,Sternotherus,odoratus,,turtle
Dekay's Brownsnake,Storeria,dekayi,,snake
Red-Bellied Snake,Storeria,occipitomaculata,,snake
Florida Brownsnake,Storeria,victa,,snake
Mexican Black-Headed Snake,Tantilla,atriceps,,snake
Southeastern Crowned Snake,Tantilla,coronata,,snake
Trans-Pecos Black-Headed Snake,Tantilla,cucullata,,snake
Flat-Headed Snake,Tantilla,gracilis,,snake
Smith's Black-Headed Snake,Tantilla,hobartsmithi,,snake
Plains Black-Headed Snake,Tantilla,nigriceps,,snake
Rim Rock Crowned Snake,Tantilla,oolitica,,snake
Western Black-Headed Snake,Tantilla,planiceps,,snake
Florida Crowned Snake,Tantilla,relicta,,snake
Central Florida Crowned Snake,Tantilla,relicta,neilli,snake
Coastal Dunes Crowned Snake,Tantilla,relicta,pamlica,snake
Peninsula Crowned Snake,Tantilla,relicta,relicta,snake
Chihuahuan Black-Headed Snake,Tantilla,wilcoxi,,snake
Yaqui Black-Headed Snake,Tantilla,yaquia,,snake
Ringed Wall Gecko,Tarentola,annularis,,lizard
Moorish Gecko,Tarentola,mauritanica,,lizard
Rough-Skinned Newt,Taricha,granulosa,,salamander
Red-Bellied Newt,Taricha,rivularis,,salamander
Sierra Newt,Taricha,sierrae,,salamander
California Newt,Taricha,torosa,,salamander
Florida Box Turtle,Terrapene,bauri,,turtle
Eastern Box Turtle,Terrapene,carolina,,turtle
Woodland Box Turtle,Terrapene,carolina,carolina,turtle
Three-Toed Box Turtle,Terrapene,carolina,triunguis,turtle
Ornate Box Turtle,Terrapene,ornata,,turtle
Desert Box Turtle,Terrapene,ornata,luteola,turtle
Plains Box Turtle,Terrapene,ornata,ornata,turtle
Aquatic Gartersnake,Thamnophis,atratus,,snake
Santa Cruz Gartersnake,Thamnophis,atratus,atratus,snake
Oregon Gartersnake,Thamnophis,atratus,hydrophilus,snake
Diablo Range Gartersnake,Thamnophis,atratus,zaxanthus,snake
Short-Headed Gartersnake,Thamnophis,brachystoma,,snake
Butler's Gartersnake,Thamnophis,butleri,,snake
Sierra Gartersnake,Thamnophis,couchii,,snake
Black-Necked Gartersnake,Thamnophis,cyrtopsis,,snake
Western Black-Necked Gartersnake,Thamnophis,cyrtopsis,cyrtopsis,snake
Eastern Black-Necked Gartersnake,Thamnophis,cyrtopsis,ocellatus,snake
Terrestrial Gartersnake,Thamnophis,elegans,,snake
Mountain Gartersnake,Thamnophis,elegans,elegans,snake
Coast Gartersnake,Thamnophis,elegans,terrestris,snake
Wandering Gartersnake,Thamnophis,elegans,vagrans,snake
Mexican Gartersnake,Thamnophis,eques,,snake
Brown Gartersnake,Thamnophis,eques,megalops,snake
Giant Gartersnake,Thamnophis,gigas,,snake
Two-Striped Gartersnake,Thamnophis,hammondii,,snake
Checkered Gartersnake,Thamnophis,marcianus,,snake
Marcy's Checkered Gartersnake,Thamnophis,marcianus,marcianus,snake
Northwestern Gartersnake,Thamnophis,ordinoides,,snake
Western Ribbonsnake,Thamnophis,proximus,,snake
Arid Land Ribbonsnake,Thamnophis,proximus,diabolicus,snake
Gulf Coast Ribbonsnake,Thamnophis,proximus,orarius,snake
Orange-Striped Ribbonsnake,Thamnophis,proximus,proximus,snake
Red-Striped Ribbonsnake,Thamnophis,proximus,rubrilineatus,snake
Plains Gartersnake,Thamnophis,radix,,snake
Narrow-Headed Gartersnake,Thamnophis,rufipunctatus,,snake
Eastern Ribbonsnake,Thamnophis,saurita,,snake
Blue-Striped Ribbonsnake,Thamnophis,saurita,nitae,snake
Peninsula Ribbonsnake,Thamnophis,saurita,sackenii,snake
Common Ribbonsnake,Thamnophis,saurita,saurita,snake
Northern Ribbonsnake,Thamnophis,saurita,septentrionalis,snake
Common Gartersnake,Thamnophis,sirtalis,,snake
Texas Gartersnake,Thamnophis,sirtalis,annectens,snake
Red-Spotted Gartersnake,Thamnophis,sirtalis,concinnus,snake
New Mexico Gartersnake,Thamnophis,sirtalis,dorsalis,snake
Valley Gartersnake,Thamnophis,sirtalis,fitchi,snake
California Red-Sided Gartersnake,Thamnophis,sirtalis,infernalis,snake
Maritime Gartersnake,Thamnophis,sirtalis,pallidulus,snake
Red-Sided Gartersnake,Thamnophis,sirtalis,parietalis,snake
Puget Sound Gartersnake,Thamnophis,sirtalis,pickeringii,snake
Chicago Gartersnake,Thamnophis,sirtalis,semifasciatus,snake
Blue-Striped Gartersnake,Thamnophis,sirtalis,similis,snake
Eastern Gartersnake,Thamnophis,sirtalis,sirtalis,snake
San Francisco Gartersnake,Thamnophis,sirtalis,tetrataenia,snake
Mexican Plateau Slider,Trachemys,gaigeae,,turtle
Big Bend Slider,Trachemys,gaigeae,gaigeae,turtle
Pond Slider,Trachemys,scripta,,turtle
Red-Eared Slider,Trachemys,scripta,elegans,turtle
Yellow-Bellied Slider,Trachemys,scripta,scripta,turtle
Cumberland Slider,Trachemys,scripta,troostii,turtle
African Five-Lined Skink,Trachylepis,quinquetaeniata,,lizard
Sonoran Lyresnake,Trimorphodon,lambda,,snake
California Lyresnake,Trimorphodon,lyrophanes,,snake
Texas Lyresnake,Trimorphodon,vilkinsonii,,snake
Jackson's Chameleon,Trioceros,jacksonii,,lizard
Lined Snake,Tropidoclonion,lineatum,,snake
Gold Tegu,Tupinambis,teguixin,,lizard
Coachella Fringe-Toed Lizard,Uma,inornata,,lizard
Colorado Desert Fringe-Toed Lizard,Uma,notata,,lizard
Yuman Desert Fringe-Toed Lizard,Uma,rufopunctata,,lizard
Mohave Fringe-Toed Lizard,Uma,scoparia,,lizard
Long-Tailed Brush Lizard,Urosaurus,graciosus,,lizard
Western Long-Tailed Brush Lizard,Urosaurus,graciosus,graciosus,lizard
Arizona Long-Tailed Brush Lizard,Urosaurus,graciosus,shannoni,lizard
Small-Scaled Lizard,Urosaurus,microscutatus,,lizard
Ornate Tree Lizard,Urosaurus,ornatus,,lizard
Smooth Tree Lizard,Urosaurus,ornatus,levis,lizard
Texas Tree Lizard,Urosaurus,ornatus,ornatus,lizard
Big Bend Tree Lizard,Urosaurus,ornatus,schmidti,lizard
Schott's Tree Lizard,Urosaurus,ornatus,schottii,lizard
Colorado River Tree Lizard,Urosaurus,ornatus,symmetricus,lizard
Northern Tree Lizard,Urosaurus,ornatus,wrighti,lizard
Patch-Nosed Salamander,Urspelerpes,brucei,,salamander
Common Side-Blotched Lizard,Uta,stansburiana,,lizard
Western Side-Blotched Lizard,Uta,stansburiana,elegans,lizard
Nevada Side-Blotched Lizard,Uta,stansburiana,nevadensis,lizard
Northern Side-Blotched Lizard,Uta,stansburiana,stansburiana,lizard
Eastern Side-Blotched Lizard,Uta,stansburiana,stejnegeri,lizard
Plateau Side-Blotched Lizard,Uta,stansburiana,uniformis,lizard
Nile Monitor,Varanus,niloticus,,lizard
Smooth Earthsnake,Virginia,valeriae,,snake
Western Smooth Snake,Virginia,valeriae,elegans,snake
Mountain Earthsnake,Virginia,valeriae,pulchra,snake
Eastern Smooth Earthsnake,Virginia,valeriae,valeriae,snake
Arizona Night Lizard,Xantusia,arizonae,,lizard
Bezy's Night Lizard,Xantusia,bezyi,,lizard
Sandstone Night Lizard,Xantusia,gracilis,,lizard
Granite Night Lizard,Xantusia,henshawi,,lizard
Island Night Lizard,Xantusia,riversiana,,lizard
San Clemente Night Lizard,Xantusia,riversiana,reticulata,lizard
San Nicolas Night Lizard,Xantusia,riversiana,riversiana,lizard
Sierra Night Lizard,Xantusia,sierrae,,lizard
Desert Night Lizard,Xantusia,vigilis,,lizard
Wiggins' Night Lizard,Xantusia,wigginsi,,lizard
African Clawed Frog,Xenopus,laevis,,frog
